index,authors,title,journal,year,volume,pages
01,"Siyuan Xiong; Wenxiao Pan; Duo Bu; Kai Huang; Boyuan Hu; Shuyi Shen; Qiangying Zhang; Zeng Dan; Xiaomei Cui; Yingming Li; Guorui Liu; Qinghua Zhang; Aiqian Zhang; Jianjie Fu; Guibin Jiang","First investigation into occurrence, trophodynamics, and risk implication of polychlorinated naphthalenes and polychlorinated biphenyls in a terrestrial food chain from Tibetan Plateau","Environmental Pollution",2026,396,127887
02,"Qianyuan Yang; Wei Zhou; Qiangying Zhang; Wenxiao Pan; Xiaomei Cui; Yuting Dong; Jifu Liu; Chuanlong Zhang; Duo Bu; Aiqian Zhang; Jianjie Fu; Guibin Jiang","Ubiquitous and remarkable tire-derived chemicals (TDCs) contamination in road-related environmental receptors across the Tibetan plateau","Environmental Research",2026,6,124289
03,"Jie Fu; Boyuan Hu; Duo Bu; Kai Huang; Pengyang Li; Qiangying Zhang; Haiyan Zhang; Xiaomei Cui; Zhihong Ye; Yong Liang; Aiqian Zhang; Jianjie Fu; Guibin Jiang","Trophodynamic and its contributing factors of organophosphate tri-esters and di-esters in a typical terrestrial food chain from the Tibetan Plateau","Environmental Chemistry and Ecotoxicology",,,
04,"Haoyu Wang; Bo Fang; Geng Xu; Kejie Li; Fangjing Xiao; Qiangying Zhang; Duo Bu; Xiaomei Cui","Integrated Transcriptomic and Proteomic Analysis of the Stress Response Mechanisms of Micractinium from the Tibetan Plateau Under Leather Wastewater Exposure","Biology",2026,15,123:2-16
05,"Kejie Li; Chaoji Xiong; Junyu Chen; Haoyu Wang; Qiangying Zhang; Xiaomei Cui; Bu Duo","Sulfur-modified covalent triazine polymer (S-CTP) is used for the ultra-efficient capture of silver ions in aqueous solutions","Journal of Industrial and Engineering Chemistry",2026,155,801–808
06,"张占宏; 陈均玉; 余含月; 尹秋霞; 付星昊; 尹宏伟; 布多","高原地区不同环境介质微塑料研究现状","环境化学",2026,,01
07,"鲁力; 布多; 张强英; 崔小梅; 旦增; 傅建捷","西藏自治区农产品重金属污染特征及暴露风险评估","环境化学",2026,,1-12
08,"桑木珍; 布多; 崔小敏; 曹继莲; 次仁德吉; 旦增曲珍; 达拉旺姆; 刘福云","中学化学教学中生态环境保护意识的培养——微塑料的环境污染行为与防控治理","化学教育(中英文)",2026,47(1),11-18
09,"尹宏伟; 张占宏; 尹秋霞; 等","松茸主要成分研究进展","食品安全刊",2026,20(01),113-116
10,"Chen Y.; Yang Q.; Liang Y.; et al.","Accumulation Characteristics of Trace Elements in Fish from High-Altitude Lakes and Risk Assessment: A Case Study of Nam Co Lake","Biological Trace Element Research",2025,,
11,"Fangjing Xiao; Guibin Jiang; Duo Bu; Jianjie Fu; Xiaomei Cui; Qiangying Zhang","Rapid and synergistic adsorption of arsenic and fluoride by bifunctional Al/Ce oxides in complex geothermal matrices","Ecotoxicology and Environmental Safety",2025,306,119362
12,"Fangjing Xiao; Xiaomei Cui; Guibin Jiang; Duo Bu; Qiangying Zhang","Accurate AQI forecasting in a high altitude city using a simulated CVOCA-BiLSTM hybrid model: a case study of Lhasa, Tibet","Scientific Reports",2025,15,38625
13,"王金虎; 宁琰萍; 崔小梅; 魏延丽; 布多","高原链带藻Desmodesmus sp. YH-1基因组研究及SSR特征分析","海洋渔业",2025,47(04),576-588
14,"付星昊; 陈均玉; 张占宏; 尹秋霞; 布多","大气颗粒物理化特性研究","云南化工",2025,52(09),32-36+52
15,"王浩宇; 陈莉; 杨博; 肖方景; 张强英; 布多; 崔小梅","藏贝母生物吸附剂的制备及对PM2.5吸附性能研究","环境科学与技术",2025,48(09),79-87
16,"鲁力; 布多; 张强英; 崔小梅; 旦增; 傅建捷","西藏自治区农产品重金属污染特征及暴露风险评估","环境化学",2025,,
17,"郭自瑞; 高家晖; 陈路锋; 曹梦西; 王璞; 傅建捷; 梁勇; 布多; 江桂斌","青藏高原汞的关键生物地球化学过程分析","生态毒理学报",2025,20(5),223-236
18,"Hua Qiaoyi; Meng Xin; Chen Wu; Xu Yifan; Xu Ruiwei; Shi Yunxiu; Li Jiajianghui; Meng Xueling; Li Ailin; Chai Qianqian; Sheng Mengshuang; Yao Yuan; Fan Yunfei; Qiao Ruohong; Zhang Yi; Wang Teng; Zhang Yidan; Cui Xiaoyu; Yu Yaqi; Li Haonan; Tang Rui; Yan Meilin; Duo Bu; Dunzhu Danzeng; Ga Zhuo; Hou Lei; Liu Yingjun; Shang Jing; Chen Qi; Qiu Xinghua; Ye Chunxiang; Gong Jicheng; Zhu Tong","Associations of Short-Term Ozone Exposure With Hypoxia and Arterial Stiffness","Journal of the American College of Cardiology",2025,85(6),606-621
19,"王圣翔; 张坤; 布多; 等","青藏高原汞生物地球化学研究进展","环境化学",2025,,1-12
20,"崔小梅; 刘洋; 华德伟; 等","四溴双酚A环境污染现状及分析方法研究进展","环境生态学",2025,7(02),126-132
21,"崔小梅; 于婉婷; 布多; 等","生态文明理念在化学专业人才培养中的融合探索","化工管理",2025,,11-14
22,"于婉婷; 王卓; 布多; 等","西藏纳木错近岸带水体中重金属赋存特征、风险评价及来源探究","环境生态学",2025,7(01),21-26
23,"余含月; 尼霞次仁; 阿琼; 等","2013-2023年拉萨市区大气污染时空变化特征研究","环境科学与技术",2025,48(01),167-178
24,"Wei Zhou; Duo Bu; Kai Huang; Yong Liang; Jie Fu; Qiangying Zhang; Qun Zhang; Aiqian Zhang; Jianjie Fu; Guibin Jiang","From environment to free-range chickens: Broad exposure to short- and medium-chain chlorinated paraffin in rural Tibetan Plateau, China","Journal of Hazardous Materials",2024,,136288
25,"Xin Meng; Qiaoyi Hua; Ruiwei Xu; Yunxiu Shi; Yi Zhang; Meilin Yan; Wu Chen; Yifan Xu; Yunfei Fan; Yuan Yao; Teng Wang; Yidan Zhang; Haonan Li; Yaqi Yu; Xiaoyu Cui; Qianqian Chai; Ailin Li; Mengshuang Sheng; Rui Tang; Ruohong Qiao; Jiangjianghui Li; Buduo; Danzeng Dunzhu; Zhuoga; Lei Hou; Yingjun Liu; Jing Shang; Qi Chen; Xinghua Qiu; Jicheng Gong; Tong Zhu","A prospective study on the cardio respiratory effects of air pollution among residents of the Tibetan Plateau","Hygiene and Environmental Health Advances",2024,12,100115
26,"陈莉; 布多; 崔小梅; 等","柚子皮吸附剂对甲醛的吸附性能研究","中国野生植物资源",2024,43(12),69-74
27,"余含月; 魏豪; 崔小梅; 等","西藏七地市2012-2024年气象要素变化特征","湖北工程学院学报",2024,44(06),39-46
28,"于婉婷; 王卓; 布多; 等","水体中重金属处理技术、风险评价及来源解析研究进展","云南化工",2024,51(10),1-6
29,"崔小梅; 王金虎; 陈均玉; 等","西藏点地梅基因组调研及SSR特征分析","分子植物育种",2024,22(17),5692-5700
30,"魏豪; 余含月; 布多","近6年西藏地区空气环境质量变化趋势分析","黑龙江环境通报",2024,37(09),1-6
31,"于婉婷; 王卓; 索朗拉姆; 等","拉萨市售甜茶中氟化物含量测定、来源分析及摄入风险评价","环境化学",2024,,1-9
32,"逄东润; 张庆华; 布多","青藏高原新型溴代阻燃剂的污染现状与研究展望","环境科学与技术",2024,,1-15
33,"谢民生; 吉东生; 殷秀峰; 等","基于非参数统计方法估算青藏高原臭氧背景浓度","中国环境科学",2024,44(08),4274-4281
34,"许耿; 肖方景; 崔小梅; 布多; 张强英","西藏羊八井高温地热水砷和氟浓度及来源探析","岩矿测试",2024,43(3),487-500
35,"Zhou Wei; Huang Kai; Bu Duo; Zhang Qiangying; Fu Jie; Hu Boyuan; Zhou Yunqiao; Chen Weifang; Fu Yilin; Zhang Aiqian; Fu Jianjie; Jiang Guibin","Remarkable Contamination of Short- and Medium-Chain Chlorinated Paraffins in Free-Range Chicken Eggs from Rural Tibetan Plateau","Environmental Science & Technology",2024,58(11),5093-5102
36,"陈优; 肖方景; 谢民生; 崔小梅; 布多; 张强英","基于CiteSpace的水环境中汞的研究现状及趋势分析","环境生态学",2024,6(04),117-124
37,"Wei Zhou; Duo Bu; Kai Huang; Qiangying Zhang; Xiaomei Cui; Zeng Dan; Yinzheng Yang; Yilin Fu; Qianyuan Yang; Yunhe Teng; Jie Fu; Aiqian Zhang; Jianjie Fu; Guibin Jiang","First comprehensive assessment of dietary chlorinated paraffins intake and exposure risk for the rural population of the Tibetan Plateau, China","Science of The Total Environment",2024,928,172435
38,"谢民生; 吉东生; 殷秀峰; 辛金元; 万欣; 李健军; 张强弓; 布多; 丛志远","基于KZ滤波和REBS估算青藏高原近地面臭氧背景浓度","中国环境科学",2024,,1-9
39,"Junyu Chen; Daobin Zhang; Yiran Fu; Jinhu Wang; Xiaomei Cui; Ci-ren Qu-zong; Qiangying Zhang; Chan Jinb; Bu Duo","Microscopic and spectroscopic analysis of atmospheric iron-containing single particles in Lhasa, Tibet","Journal of Environmental Sciences",2024,141,40-50
40,"Jiang Lu; Lv Jitao; Jones Kevin C.; Yu Shiyang; Wang Yawei; Gao Yan; Wu Jing; Luo Lun; Shi Jianbo; Li Yingming; Yang Ruiqiang; Fu Jianjie; Bu Duo; Zhang Qinghua; Jiang Guibin","Soil's Hidden Power: The Stable Soil Organic Carbon Pool Controls the Burden of Persistent Organic Pollutants in Background Soils","Environmental Science & Technology",2024,58(19),8490-8500
41,"李灿然; 布多; 谢民生; 尼霞次仁; 万欣; 丛志远","青藏高原城市PM2.5和O3污染特征及影响因素","中国环境科学",2024,44(6),3060-3069
42,"崔小梅; 肖方景; 赵远昭; 魏延丽; 谢民生; 布多; 张强英","金属基吸附剂除氟技术及吸附机理研究进展","化学试剂",2024,46(2),80-87
43,"肖方景; 陈优; 华德伟; 张瑶; 布多; 张强英","纳米金属氧化物吸附剂除砷研究进展","应用化工",2024,53(01),141-145
44,"Ye Chunxiang; Guo Shuzheng; Lin Weili; Tian Fangjie; Wang Jianshu; Zhang Chong; Chi Suzhen; Chen Yi; Zhang Yingjie; Zeng Limin; Li Xin; Bu Duo; Zhou Jiacheng; Zhao Weixiong","Measurement report: Source apportionment and environmental impacts of volatile organic compounds (VOCs) in Lhasa, a highland city in China","Atmospheric Chemistry and Physics",2023,23(18),10383-10397
45,"Zhou Wei; Huang Kai; Bu Duo; Zhang Qiangying; Fu Jie; Hu Boyuan; Zhou Yunqiao; Chen Weifang; Fu Yilin; Zhang Aiqian; Fu Jianjie; Jiang Guibin","Remarkable contamination of short- and medium-chain chlorinated paraffins in free-range chicken eggs from rural area of the Tibetan Plateau","Environmental Science & Technology",2023,,
46,"Fangjing Xiao; Xiaomei Cui; Yuanzhao Zhao; Jianjie Fu; Tao Yu; Duo Bu; Qiangying Zhang","Concentration, spatial distribution, and source apportionment of heavy metals in agricultural soils from the Yarlung Zangbo River Basin, Tibetan Plateau","Environmental Earth Sciences",2023,82(23),577
47,"Fangjing Xiao; Yuanzhao Zhao; Duo Bu; Qiangying Zhang","Concentration, Spatial Distribution, and Source Analysis of Trace Elements in the Yarlung Zangbo River Basin and Its Two Tributaries","Water",2023,,
48,"王金虎; 宁琰萍; 崔小梅; 魏延丽; 布多","披针叶野决明基因组调研及SSR特征分析","高原科学研究",2023,7(03),13-21
49,"华德伟; 布多; 肖方景; 崔小梅","京津冀地区主要水系沉积物中重金属污染状况研究","应用化工",2023,52(11),3124-3128
50,"张瑶; 陈优; 陈均玉; 郭梓萌; 布多","青藏高原碳质气溶胶研究进展","应用化工",2023,52(11),3158-3162
51,"闻昌成; 李灿然; 梅键民; 赵远昭; 魏延丽; 布多","湖泊环境中有机磷阻燃剂的污染现状与生物富集研究进展","环境科学导刊",2023,42(04),11-17+44
52,"陈优; 张瑶; 肖方景; 蔡甲; 张强英; 布多; 崔小梅","土壤中抗生素抗性基因研究进展","应用化工",2023,52(08),2402-2407
53,"郭梓萌; 崔小梅; 陈均玉; 肖方景; 布多","大气中微塑料的研究进展","环境化学",2023,42(12),4079-4092
54,"肖方景; 旦增; 魏延丽; 郭梓萌; 陈优; 布多; 张强英","青藏高原多介质环境POPs研究进展","应用化工",2023,52(07),2212-2217
55,"魏延丽; 王金虎; 李静; 闻昌成; 肖方景; 布多","碳中和背景下微藻生物固碳技术的研究进展","环境生态学",2023,5(05),42-48
56,"肖方景; 张强英; 赵远昭; 陈均玉; 布多; 次仁; 崔小梅","基于BPNN的一江两河流域水体中重金属浓度预测","环境化学",2023,,1-11
57,"赵远昭; 张强英; 布多","一江两河流域年楚河段农用地土壤重金属污染风险评价","乡村科技",2023,14(03),141-143
58,"Zhu Puli; Wang Yilin; Bai Hui; Feng Jing; Zhang Rui; Bu Duo; Dan Zeng; Li Wei; Lu Xuebin","Research on the Promotion of Sludge Anaerobic Fermentation with Sodium Citrate under Low Concentrations of Polyaluminum Chloride","Environmental Research",2023,,
59,"Jinhu Wang; Junyu Chen; Dongdong Zhang; Xiaomei Cui; Jinna Zhou; Jing Li; Yanli Wei; Duo Bu","Integrated Omics Approach to Discover Differences in the Metabolism of a New Tibetan Desmodesmus sp. in Two Types of Sewage Treatments","Metabolites",2023,13,388
60,"Zeng Dan; Yuechi Che; Xutong Wang; Peng Zhou; Zhiyong Han; Duo Bu; Xuebin Lu; Wenchao Ma; Guanyi Chen","Environmental, economic, and energy analysis of municipal solid waste incineration under anoxic environment in Tibet Plateau","Environmental Research",2023,216,114681
