"time","CO2_mean","CO2_sd","CH4_mean","CH4_sd","CO_mean","CO_sd","N2O_mean","N2O_sd","del13C_mean","del13C_sd"
"2026-09-25 00:00:00",417.530259879052,0.624464829969533,1997.53991168446,0.5876246192604,87.2864168282732,0.388702396993007,355.020956526781,0.181102369603093,2.82089984680752,0.555468908407775
"2026-09-25 01:00:00",417.346395776229,0.656923557358011,2000.63409009104,2.938568963658,88.4217220095356,1.07127058526706,354.997953988998,0.214529407559191,2.9918370120276,0.603771200893866
"2026-09-25 02:00:00",417.500800410036,0.616885472958454,2002.66369672571,1.04250908902527,89.2145790989985,0.330259022777056,355.006946208262,0.218305586744829,2.77117670390133,0.55084099393623
"2026-09-25 03:00:00",417.869795428759,0.775287371266284,1998.40541845623,3.34868003032565,87.6903041030712,1.65436211281771,354.973776868912,0.181769751659015,2.69933718096762,0.638223828103823
"2026-09-25 04:00:00",418.275467618288,0.677457545586467,1996.83156016646,2.08257860725079,86.5130348031081,0.504738906392941,354.99047293966,0.185949038332318,2.73748625656521,0.646564545578171
"2026-09-25 05:00:00",418.07780893872,0.627014061667246,2001.401653229,0.685534363135568,87.7618231566436,0.410589756411666,355.005547243756,0.163937738556577,2.88537131567519,0.55260429176366
"2026-09-25 06:00:00",418.463137639026,0.754555082204268,2000.0569216459,1.44856664822493,86.9052213709747,0.523982502904491,355.02879818342,0.194998389920634,2.72144049735548,0.627751177918827
"2026-09-25 07:00:00",418.150616183059,0.703383340270696,1999.01586510164,0.598118453010347,87.1495616636775,0.467087069930287,354.958140868703,0.23084673339732,2.68716777024851,0.618737815872897
"2026-09-25 08:00:00",418.188156539917,0.700953292046771,1999.29645005053,0.667776790101891,87.2711084496177,0.388494031262757,355.041510215796,0.195983622537407,2.7008162705175,0.65961877467773
"2026-09-25 09:00:00",418.40822176705,0.704867051320419,1998.74449393549,0.597504379986698,87.0443140745379,0.401249376288036,355.06713971982,0.186324569075494,2.61532022994967,0.59821386322863
"2026-09-25 10:00:00",418.296978457529,0.666344958142009,1998.39975268734,0.934979479596913,87.2450443634011,0.427728176909578,355.017737082038,0.200961069070481,2.80347829232429,0.598295005033067
"2026-09-25 11:00:00",418.589421477854,0.545519270938318,1998.03278466607,1.33115755029445,88.2257680640041,1.29485689238789,355.130508911051,0.178349350239027,2.81219225491526,0.519901746459122
"2026-09-25 12:00:00",418.529718251859,0.550338320140317,1995.26779062331,1.10482279284992,86.8876228757536,0.486445821351872,355.029540392442,0.222904376367351,2.65383418504351,0.533776990104021
"2026-09-25 13:00:00",418.375414599172,0.565217660757121,1992.738134862,1.05133605128353,86.5972063874158,0.346339944667638,355.138372859591,0.186749064249574,2.62709695499456,0.534712257101822
"2026-09-25 14:00:00",418.151964812448,0.519073450903953,1991.16955935183,0.448968044278342,86.7184431031848,0.755147006711283,355.049898039876,0.161205831911614,2.83992399813565,0.46764623211435
"2026-09-25 15:00:00",418.046521371785,0.458466974916597,1989.64185779303,1.00611619814527,87.6736577519444,0.86170598953769,355.054796991898,0.202087417066954,2.82079585417386,0.430709268633152
"2026-09-25 16:00:00",417.848542691927,0.49659140886533,1990.71791099325,3.31206594791427,87.1261347071572,1.84453191725202,355.097992090574,0.21449252480424,2.72148878608477,0.488594632058134
"2026-09-25 17:00:00",417.796792147081,0.500181871226512,1989.12502051091,0.733265687542205,86.8069257500143,0.87837340183066,355.120490345875,0.247430137971553,2.83963378277686,0.450826742840998
"2026-09-25 18:00:00",416.845748091286,0.804162117680532,2006.50896426361,12.2925887586727,93.3487702525269,4.02176859735761,355.259199525759,0.186010493299759,2.9343938132266,0.524662064019528
"2026-09-25 19:00:00",417.207429301644,0.772867143240176,2001.09394983448,8.29584568685906,91.653529072246,2.64669708624103,355.166000318201,0.235381251045138,2.87917236482443,0.538065074568142
"2026-09-25 20:00:00",416.415140317398,0.575420111992284,2012.56812149596,4.99080673738793,95.7419419283515,1.47619172685047,355.324739549508,0.194232325911107,3.05473042100947,0.565456130860063
"2026-09-25 21:00:00",416.253153097522,0.649015968550698,2015.38585302939,0.794036554885239,96.3142796363239,0.389730540217421,355.311486130683,0.198665738814334,3.14411535666218,0.584420611140501
"2026-09-25 22:00:00",416.370672482934,0.572194050395365,2019.16757735332,0.560484664528683,96.3000222970858,0.44971738690701,355.336363101898,0.20198464232118,3.03591890774685,0.542775978705371
"2026-09-25 23:00:00",416.772880695809,0.528288812644632,2017.39281350586,1.78370216441918,95.2339119121568,0.739150199859884,355.425200269672,0.173473185904391,2.7249809984957,0.489289455093696
