"time","O3_mean","O3_sd"
"2026-09-23 00:00:00",46.6,3.64
"2026-09-23 01:00:00",30.4,1.4
"2026-09-23 02:00:00",30.2,1.81
"2026-09-23 03:00:00",29.2,0.667
"2026-09-23 04:00:00",28.3,0.729
"2026-09-23 05:00:00",28.4,0.815
"2026-09-23 06:00:00",28.8,0.629
"2026-09-23 07:00:00",29,1.01
"2026-09-23 08:00:00",28.8,0.854
"2026-09-23 09:00:00",30.2,0.888
"2026-09-23 10:00:00",31.1,0.985
"2026-09-23 11:00:00",48,10.7
"2026-09-23 12:00:00",57.2,1.26
"2026-09-23 13:00:00",58.1,1.02
"2026-09-23 14:00:00",55.9,0.689
"2026-09-23 15:00:00",55.7,0.876
"2026-09-23 16:00:00",54.5,0.782
"2026-09-23 17:00:00",55.1,1.09
"2026-09-23 18:00:00",52.4,1.77
"2026-09-23 19:00:00",48.6,0.829
"2026-09-23 20:00:00",45.1,0.917
"2026-09-23 21:00:00",45.7,0.543
"2026-09-23 22:00:00",38,17.7
"2026-09-23 23:00:00",44,0.763
