"time","temperature_mean","temperature_sd","humidity_mean","humidity_sd","wind_speed_mean","wind_speed_sd","wind_direction_mean"
"2026-10-05 00:00:00",-4.89,0.675,90,4.23,2.52,1.34,138
"2026-10-05 01:00:00",-5.64,0.328,91.1,4.33,3.77,1.17,140
"2026-10-05 02:00:00",-5.17,0.228,85.4,2.54,4.3,1.25,154
"2026-10-05 03:00:00",-4.86,0.306,74,4.82,5.47,1.15,138
"2026-10-05 04:00:00",-4.11,0.146,73.2,2.93,4.11,0.859,158
"2026-10-05 05:00:00",-4.04,0.0984,71.5,4.29,3.48,0.891,165
"2026-10-05 06:00:00",-4.12,0.184,69.2,2.21,3.86,0.462,160
"2026-10-05 07:00:00",-4.95,0.343,70,4.71,3.76,0.849,147
"2026-10-05 08:00:00",-5.9,0.275,60.8,2.04,4.01,1.24,107
"2026-10-05 09:00:00",-5.45,0.474,55.5,1.97,5.35,1.22,133
"2026-10-05 10:00:00",-3.01,0.431,46.5,1.53,6.36,1.55,143
"2026-10-05 11:00:00",-1.18,0.675,41,2.24,4.95,1.21,126
"2026-10-05 12:00:00",0.0624,0.421,40.2,1.34,3.53,1.44,106
"2026-10-05 13:00:00",1.39,0.69,36.4,2.51,2.6,1.64,86.7
"2026-10-05 14:00:00",2.18,0.633,32.9,1.51,2.98,1.63,85.3
"2026-10-05 15:00:00",1.91,1.15,33.1,2.33,3.48,1.62,34.9
"2026-10-05 16:00:00",0.937,0.637,35.4,2.08,2.45,1.39,7.37
"2026-10-05 17:00:00",0.65,0.477,34.3,2.02,2.74,1.42,325
"2026-10-05 18:00:00",0.102,0.42,31.2,1.23,2.15,1.28,308
"2026-10-05 19:00:00",-0.348,0.301,30.2,1.49,1.9,0.823,357
"2026-10-05 20:00:00",-0.713,0.323,31.3,1.61,3.07,1.61,131
"2026-10-05 21:00:00",-1.39,0.175,35.2,1.44,4.2,1.52,140
"2026-10-05 22:00:00",-2.14,0.507,40.8,1.52,5.13,1.52,138
"2026-10-05 23:00:00",-3.39,0.208,39.9,0.818,7.36,1.21,139
